Unnamed: 0,ID,label_cp,train_val_predict
77,12152,central,predict_need
466,13278,,predict_need
467,13277,,predict_need
468,13276,,predict_need
469,13275,,predict_need
470,13274,,predict_need
471,13273,,predict_need
472,13272,,predict_need
473,13271,,predict_need
474,13270,,predict_need
475,13269,,predict_need
476,13268,,predict_need
477,13267,,predict_need
478,13266,,predict_need
479,13265,,predict_need
480,13264,,predict_need
481,13263,,predict_need
482,13262,,predict_need
483,13261,,predict_need
484,13260,,predict_need
485,13259,,predict_need
486,13258,,predict_need
487,13257,,predict_need
488,13256,,predict_need
489,13255,,predict_need
490,13254,,predict_need
491,13253,,predict_need
492,13252,,predict_need
493,13251,,predict_need
494,13250,,predict_need
495,13249,,predict_need
496,13248,,predict_need
497,13247,,predict_need
498,13246,,predict_need
499,13245,,predict_need
500,13244,,predict_need
501,13243,,predict_need
502,13242,,predict_need
503,13241,,predict_need
504,13240,,predict_need
505,13239,,predict_need
506,13238,,predict_need
507,13237,,predict_need
508,13236,,predict_need
509,13235,,predict_need
510,13234,,predict_need
511,13233,,predict_need
512,13232,,predict_need
513,13231,,predict_need
514,13230,,predict_need
515,13229,,predict_need
516,13228,,predict_need
517,13227,,predict_need
518,13226,,predict_need
519,13225,,predict_need
520,13224,,predict_need
521,13223,,predict_need
522,13222,,predict_need
523,13221,,predict_need
524,13220,,predict_need
525,13219,,predict_need
526,13218,,predict_need
527,13217,,predict_need
528,13216,,predict_need
529,13215,,predict_need
530,13214,,predict_need
531,13213,,predict_need
532,13212,,predict_need
533,13211,,predict_need
534,13210,,predict_need
535,13209,,predict_need
536,13208,,predict_need
537,13207,,predict_need
538,13206,,predict_need
539,13205,,predict_need
540,13204,,predict_need
541,13203,,predict_need
542,13202,,predict_need
543,13201,,predict_need
544,13200,,predict_need
545,13199,,predict_need
546,13198,,predict_need
547,13197,,predict_need
548,13196,,predict_need
549,13195,,predict_need
550,13194,,predict_need
551,13193,,predict_need
552,13192,,predict_need
553,13191,,predict_need
554,13190,,predict_need
555,13189,,predict_need
556,13188,,predict_need
557,13187,,predict_need
558,13186,,predict_need
559,13185,,predict_need
560,13184,,predict_need
561,13183,,predict_need
562,13182,,predict_need
563,13181,,predict_need
564,13180,,predict_need
565,13179,,predict_need
566,13178,,predict_need
567,13177,,predict_need
568,13176,,predict_need
569,13175,,predict_need
570,13174,,predict_need
571,13173,,predict_need
572,13172,,predict_need
573,13171,,predict_need
574,13170,,predict_need
575,13169,,predict_need
576,13168,,predict_need
577,13167,,predict_need
578,13166,,predict_need
579,13165,,predict_need
580,13164,,predict_need
581,13163,,predict_need
582,13162,,predict_need
583,13161,,predict_need
584,13160,,predict_need
585,13159,,predict_need
586,13158,,predict_need
587,13157,,predict_need
588,13156,,predict_need
589,13155,,predict_need
590,13154,,predict_need
591,13153,,predict_need
592,13152,,predict_need
593,13151,,predict_need
594,13150,,predict_need
595,13149,,predict_need
596,13148,,predict_need
597,13147,,predict_need
598,13146,,predict_need
599,13145,,predict_need
600,13144,,predict_need
601,13143,,predict_need
602,13142,,predict_need
603,13141,,predict_need
604,13140,,predict_need
605,13139,,predict_need
606,13138,,predict_need
607,13137,,predict_need
608,13136,,predict_need
609,13135,,predict_need
610,13134,,predict_need
611,13133,,predict_need
612,13132,,predict_need
613,13131,,predict_need
614,13130,,predict_need
615,13129,,predict_need
616,13128,,predict_need
617,13127,,predict_need
618,13126,,predict_need
619,13125,,predict_need
620,13124,,predict_need
621,13123,,predict_need
622,13122,,predict_need
623,13121,,predict_need
624,13120,,predict_need
625,13119,,predict_need
626,13118,,predict_need
627,13117,,predict_need
628,13116,,predict_need
629,13115,,predict_need
630,13114,,predict_need
631,13113,,predict_need
632,13112,,predict_need
633,13111,,predict_need
634,13110,,predict_need
635,13109,,predict_need
636,13108,,predict_need
637,13107,,predict_need
638,13106,,predict_need
639,13105,,predict_need
640,13104,,predict_need
641,13103,,predict_need
642,13102,,predict_need
643,13101,,predict_need
644,13100,,predict_need
645,13099,,predict_need
646,13098,,predict_need
647,13097,,predict_need
648,13096,,predict_need
649,13095,,predict_need
650,13094,,predict_need
651,13093,,predict_need
652,13092,,predict_need
653,13091,,predict_need
654,13090,,predict_need
655,13089,,predict_need
656,13088,,predict_need
657,13087,,predict_need
658,13086,,predict_need
659,13085,,predict_need
660,13084,,predict_need
661,13083,,predict_need
662,13082,,predict_need
663,13081,,predict_need
664,13080,,predict_need
665,13079,,predict_need
666,13078,,predict_need
667,13077,,predict_need
668,13076,,predict_need
669,13075,,predict_need
670,13074,,predict_need
671,13073,,predict_need
672,13072,,predict_need
673,13071,,predict_need
674,13070,,predict_need
675,13069,,predict_need
676,13068,,predict_need
677,13067,,predict_need
678,13066,,predict_need
679,13065,,predict_need
680,13064,,predict_need
681,13063,,predict_need
682,13062,,predict_need
683,13061,,predict_need
684,13060,,predict_need
685,13059,,predict_need
686,13058,,predict_need
687,13057,,predict_need
688,13056,,predict_need
689,13055,,predict_need
690,13054,,predict_need
691,13053,,predict_need
692,13052,,predict_need
693,13051,,predict_need
694,13050,,predict_need
695,13049,,predict_need
696,13048,,predict_need
697,13047,,predict_need
698,13046,,predict_need
699,13045,,predict_need
700,13044,,predict_need
701,13043,,predict_need
702,13042,,predict_need
703,13041,,predict_need
704,13040,,predict_need
705,13039,,predict_need
706,13038,,predict_need
707,13037,,predict_need
708,13036,,predict_need
709,13035,,predict_need
710,13034,,predict_need
711,13033,,predict_need
712,13032,,predict_need
713,13031,,predict_need
714,13030,,predict_need
715,13029,,predict_need
716,13028,,predict_need
717,13027,,predict_need
718,13026,,predict_need
719,13025,,predict_need
720,13024,,predict_need
721,13023,,predict_need
722,13022,,predict_need
723,13021,,predict_need
724,13020,,predict_need
725,13019,,predict_need
726,13018,,predict_need
727,13017,,predict_need
728,13016,,predict_need
729,13015,,predict_need
730,13014,,predict_need
731,13013,,predict_need
732,13012,,predict_need
733,13011,,predict_need
734,13010,,predict_need
735,13009,,predict_need
736,13008,,predict_need
737,13007,,predict_need
738,13006,,predict_need
739,13005,,predict_need
740,13004,,predict_need
741,13003,,predict_need
742,13002,,predict_need
743,13001,,predict_need
744,13000,,predict_need
745,12999,,predict_need
746,12998,,predict_need
747,12997,,predict_need
748,12996,,predict_need
749,12995,,predict_need
750,12994,,predict_need
751,12993,,predict_need
752,12992,,predict_need
753,12991,,predict_need
754,12990,,predict_need
755,12989,,predict_need
756,12988,,predict_need
757,12987,,predict_need
758,12986,,predict_need
759,12985,,predict_need
760,12984,,predict_need
761,12983,,predict_need
762,12982,,predict_need
763,12981,,predict_need
764,12980,,predict_need
765,12979,,predict_need
766,12978,,predict_need
767,12977,,predict_need
768,12976,,predict_need
769,12975,,predict_need
770,12974,,predict_need
771,12973,,predict_need
772,12972,,predict_need
773,12971,,predict_need
774,12970,,predict_need
775,12969,,predict_need
776,12968,,predict_need
777,12967,,predict_need
778,12966,,predict_need
779,12965,,predict_need
780,12964,,predict_need
781,12963,,predict_need
782,12962,,predict_need
783,12961,,predict_need
784,12960,,predict_need
785,12959,,predict_need
786,12958,,predict_need
787,12957,,predict_need
788,12956,,predict_need
789,12955,,predict_need
790,12954,,predict_need
791,12953,,predict_need
792,12952,,predict_need
793,12951,,predict_need
794,12950,,predict_need
795,12949,,predict_need
796,12948,,predict_need
797,12947,,predict_need
798,12946,,predict_need
799,12945,,predict_need
800,12944,,predict_need
801,12943,,predict_need
802,12942,,predict_need
803,12941,,predict_need
804,12940,,predict_need
805,12939,,predict_need
806,12938,,predict_need
807,12937,,predict_need
808,12936,,predict_need
809,12935,,predict_need
810,12934,,predict_need
811,12933,,predict_need
812,12932,,predict_need
813,12931,,predict_need
814,12930,,predict_need
815,12929,,predict_need
816,12928,,predict_need
817,12927,,predict_need
818,12926,,predict_need
819,12925,,predict_need
820,12924,,predict_need
821,12923,,predict_need
822,12922,,predict_need
823,12921,,predict_need
824,12920,,predict_need
825,12919,,predict_need
826,12918,,predict_need
827,12917,,predict_need
828,12916,,predict_need
829,12915,,predict_need
830,12914,,predict_need
831,12913,,predict_need
832,12912,,predict_need
833,12911,,predict_need
834,12910,,predict_need
835,12909,,predict_need
836,12908,,predict_need
837,12907,,predict_need
838,12906,,predict_need
839,12905,,predict_need
840,12904,,predict_need
841,12903,,predict_need
842,12902,,predict_need
843,12901,,predict_need
844,12900,,predict_need
845,12899,,predict_need
846,12898,,predict_need
847,12897,,predict_need
848,12896,,predict_need
849,12895,,predict_need
850,12894,,predict_need
851,12893,,predict_need
852,12892,,predict_need
853,12891,,predict_need
854,12890,,predict_need
855,12888,,predict_need
856,12884,,predict_need
857,12882,,predict_need
858,12881,,predict_need
859,12880,,predict_need
860,12879,,predict_need
861,12877,,predict_need
862,12875,,predict_need
863,12872,,predict_need
864,12871,,predict_need
865,12870,,predict_need
866,12869,,predict_need
867,12868,,predict_need
868,12867,,predict_need
869,12866,,predict_need
870,12864,,predict_need
871,12863,,predict_need
872,12862,,predict_need
873,12861,,predict_need
874,12860,,predict_need
875,12857,,predict_need
876,12856,,predict_need
877,12855,,predict_need
878,12854,,predict_need
879,12852,,predict_need
880,12850,,predict_need
881,12849,,predict_need
882,12848,,predict_need
883,12846,,predict_need
884,12845,,predict_need
885,12843,,predict_need
886,12842,,predict_need
887,12841,,predict_need
888,12839,,predict_need
889,12837,,predict_need
890,12835,,predict_need
891,12834,,predict_need
892,12833,,predict_need
893,12832,,predict_need
894,12831,,predict_need
895,12830,,predict_need
896,12827,,predict_need
897,12826,,predict_need
898,12825,,predict_need
899,12824,,predict_need
900,12822,,predict_need
901,12821,,predict_need
902,12820,,predict_need
903,12819,,predict_need
904,12816,,predict_need
905,12815,,predict_need
906,12814,,predict_need
907,12813,,predict_need
908,12812,,predict_need
909,12811,,predict_need
910,12810,,predict_need
911,12808,,predict_need
912,12807,,predict_need
913,12806,,predict_need
914,12805,,predict_need
915,12804,,predict_need
916,12803,,predict_need
917,12802,,predict_need
918,12801,,predict_need
919,12800,,predict_need
920,12799,,predict_need
921,12798,,predict_need
922,12797,,predict_need
923,12794,,predict_need
924,12793,,predict_need
925,12792,,predict_need
926,12790,,predict_need
927,12789,,predict_need
928,12788,,predict_need
929,12787,,predict_need
930,12786,,predict_need
931,12785,,predict_need
932,12784,,predict_need
933,12783,,predict_need
934,12782,,predict_need
935,12781,,predict_need
936,12779,,predict_need
937,12777,,predict_need
938,12776,,predict_need
939,12775,,predict_need
940,12773,,predict_need
941,12772,,predict_need
942,12771,,predict_need
943,12769,,predict_need
944,12768,,predict_need
945,12767,,predict_need
946,12764,,predict_need
947,12763,,predict_need
948,12760,,predict_need
949,12759,,predict_need
950,12758,,predict_need
951,12756,,predict_need
952,12755,,predict_need
953,12754,,predict_need
954,12753,,predict_need
955,12751,,predict_need
956,12750,,predict_need
957,12747,,predict_need
958,12746,,predict_need
959,12744,,predict_need
960,12743,,predict_need
961,12741,,predict_need
962,12740,,predict_need
963,12739,,predict_need
964,12737,,predict_need
965,12736,,predict_need
966,12735,,predict_need
967,12734,,predict_need
968,12732,,predict_need
969,12731,,predict_need
970,12729,,predict_need
971,12726,,predict_need
972,12725,,predict_need
973,12724,,predict_need
974,12723,,predict_need
975,12720,,predict_need
976,12719,,predict_need
977,12718,,predict_need
978,12717,,predict_need
979,12713,,predict_need
980,12712,,predict_need
981,12711,,predict_need
982,12710,,predict_need
983,12709,,predict_need
984,12708,,predict_need
985,12707,,predict_need
986,12704,,predict_need
987,12703,,predict_need
988,12700,,predict_need
989,12699,,predict_need
990,12698,,predict_need
991,12697,,predict_need
992,12696,,predict_need
993,12695,,predict_need
994,12694,,predict_need
995,12692,,predict_need
996,12689,,predict_need
997,12688,,predict_need
998,12687,,predict_need
999,12686,,predict_need
1000,12685,,predict_need
1001,12684,,predict_need
1002,12683,,predict_need
1003,12680,,predict_need
1004,12679,,predict_need
1005,12678,,predict_need
1006,12677,,predict_need
1007,12676,,predict_need
1008,12672,,predict_need
1009,12666,,predict_need
1010,12665,,predict_need
1011,12663,,predict_need
1012,12662,,predict_need
1013,12661,,predict_need
1014,12660,,predict_need
1015,12655,,predict_need
1016,12653,,predict_need
1017,12652,,predict_need
1018,12650,,predict_need
1019,12649,,predict_need
1020,12648,,predict_need
1021,12647,,predict_need
1022,12646,,predict_need
1023,12645,,predict_need
1024,12644,,predict_need
1025,12643,,predict_need
1026,12642,,predict_need
1027,12640,,predict_need
1028,12638,,predict_need
1029,12636,,predict_need
1030,12635,,predict_need
1031,12634,,predict_need
1032,12632,,predict_need
1033,12630,,predict_need
1034,12629,,predict_need
1035,12628,,predict_need
1036,12626,,predict_need
1037,12624,,predict_need
1038,12623,,predict_need
1039,12620,,predict_need
1040,12619,,predict_need
1041,12618,,predict_need
1042,12616,,predict_need
1043,12615,,predict_need
1044,12614,,predict_need
1045,12613,,predict_need
1046,12610,,predict_need
1047,12609,,predict_need
1048,12608,,predict_need
1049,12606,,predict_need
1050,12605,,predict_need
1051,12604,,predict_need
1052,12603,,predict_need
1053,12602,,predict_need
1054,12601,,predict_need
1055,12600,,predict_need
1056,12599,,predict_need
1057,12598,,predict_need
1058,12597,,predict_need
1059,12594,,predict_need
1060,12593,,predict_need
1061,12590,,predict_need
1062,12588,,predict_need
1063,12587,,predict_need
1064,12586,,predict_need
1065,12585,,predict_need
1066,12584,,predict_need
1067,12577,,predict_need
1068,12575,,predict_need
1069,12570,,predict_need
1070,12567,,predict_need
1071,12563,,predict_need
1072,12562,,predict_need
1073,12561,,predict_need
1074,12560,,predict_need
1075,12559,,predict_need
1076,12558,,predict_need
1077,12557,,predict_need
1078,12556,,predict_need
1079,12555,,predict_need
1080,12554,,predict_need
1081,12553,,predict_need
1082,12551,,predict_need
1083,12550,,predict_need
1084,12549,,predict_need
1085,12548,,predict_need
1086,12547,,predict_need
1087,12545,,predict_need
1088,12544,,predict_need
1089,12543,,predict_need
1090,12541,,predict_need
1091,12540,,predict_need
1092,12539,,predict_need
1093,12538,,predict_need
1094,12537,,predict_need
1095,12536,,predict_need
1096,12535,,predict_need
1097,12534,,predict_need
1098,12533,,predict_need
1099,12532,,predict_need
1100,12531,,predict_need
1101,12530,,predict_need
1102,12529,,predict_need
1103,12528,,predict_need
1104,12527,,predict_need
1105,12526,,predict_need
1106,12525,,predict_need
1107,12524,,predict_need
1108,12523,,predict_need
1109,12522,,predict_need
1110,12521,,predict_need
1111,12520,,predict_need
1112,12519,,predict_need
1113,12518,,predict_need
1114,12517,,predict_need
1115,12516,,predict_need
1116,12514,,predict_need
1117,12511,,predict_need
1118,12510,,predict_need
1119,12509,,predict_need
1120,12508,,predict_need
1121,12507,,predict_need
1122,12506,,predict_need
1123,12504,,predict_need
1124,12503,,predict_need
1125,12502,,predict_need
1126,12501,,predict_need
1127,12499,,predict_need
1128,12498,,predict_need
1129,12497,,predict_need
1130,12496,,predict_need
1131,12495,,predict_need
1132,12494,,predict_need
1133,12493,,predict_need
1134,12492,,predict_need
1135,12491,,predict_need
1136,12490,,predict_need
1137,12489,,predict_need
1138,12488,,predict_need
1139,12487,,predict_need
1140,12486,,predict_need
1141,12485,,predict_need
1142,12483,,predict_need
1143,12482,,predict_need
1144,12481,,predict_need
1145,12480,,predict_need
1146,12479,,predict_need
1147,12478,,predict_need
1148,12477,,predict_need
1149,12475,,predict_need
1150,12474,,predict_need
1151,12473,,predict_need
1152,12471,,predict_need
1153,12470,,predict_need
1154,12469,,predict_need
1155,12468,,predict_need
1156,12467,,predict_need
1157,12464,,predict_need
1158,12463,,predict_need
1159,12462,,predict_need
1160,12461,,predict_need
1161,12460,,predict_need
1162,12459,,predict_need
1163,12457,,predict_need
1164,12456,,predict_need
1165,12455,,predict_need
1166,12454,,predict_need
1167,12453,,predict_need
1168,12452,,predict_need
1169,12451,,predict_need
1170,12450,,predict_need
1171,12449,,predict_need
1172,12448,,predict_need
1173,12444,,predict_need
1174,12443,,predict_need
1175,12442,,predict_need
1176,12441,,predict_need
1177,12440,,predict_need
1178,12439,,predict_need
1179,12438,,predict_need
1180,12437,,predict_need
1181,12436,,predict_need
1182,12434,,predict_need
1183,12433,,predict_need
1184,12431,,predict_need
1185,12430,,predict_need
1186,12428,,predict_need
1187,12426,,predict_need
1188,12425,,predict_need
1189,12424,,predict_need
1190,12423,,predict_need
1191,12422,,predict_need
1192,12420,,predict_need
1193,12418,,predict_need
1194,12417,,predict_need
1195,12416,,predict_need
1196,12415,,predict_need
1197,12414,,predict_need
1198,12413,,predict_need
1199,12412,,predict_need
1200,12411,,predict_need
1201,12410,,predict_need
1202,12409,,predict_need
1203,12408,,predict_need
1204,12407,,predict_need
1205,12406,,predict_need
1206,12405,,predict_need
1207,12404,,predict_need
1208,12402,,predict_need
1209,12401,,predict_need
1210,12400,,predict_need
1211,12399,,predict_need
1212,12396,,predict_need
1213,12395,,predict_need
1214,12393,,predict_need
1215,12392,,predict_need
1216,12390,,predict_need
1217,12389,,predict_need
1218,12386,,predict_need
1219,12384,,predict_need
1220,12383,,predict_need
1221,12382,,predict_need
1222,12379,,predict_need
1223,12378,,predict_need
1224,12377,,predict_need
1225,12376,,predict_need
1226,12375,,predict_need
1227,12374,,predict_need
1228,12373,,predict_need
1229,12372,,predict_need
1230,12371,,predict_need
1231,12370,,predict_need
1232,12369,,predict_need
1233,12368,,predict_need
1234,12367,,predict_need
1235,12365,,predict_need
1236,12364,,predict_need
1237,12363,,predict_need
1238,12360,,predict_need
1239,12359,,predict_need
1240,12358,,predict_need
1241,12356,,predict_need
1242,12355,,predict_need
1243,12354,,predict_need
1244,12352,,predict_need
1245,12351,,predict_need
1246,12349,,predict_need
1247,12347,,predict_need
1248,12346,,predict_need
1249,12345,,predict_need
1250,12344,,predict_need
1251,12342,,predict_need
1252,12341,,predict_need
1253,12340,,predict_need
1254,12339,,predict_need
1255,12338,,predict_need
1256,12337,,predict_need
1257,12336,,predict_need
1258,12335,,predict_need
1259,12334,,predict_need
1260,12333,,predict_need
1261,12332,,predict_need
1262,12331,,predict_need
1263,12330,,predict_need
1264,12329,,predict_need
1265,12328,,predict_need
1266,12324,,predict_need
1267,12323,,predict_need
1268,12322,,predict_need
1269,12321,,predict_need
1270,12320,,predict_need
1271,12319,,predict_need
1272,12316,,predict_need
1273,12315,,predict_need
1274,12314,,predict_need
1275,12313,,predict_need
1276,12312,,predict_need
1277,12311,,predict_need
1278,12310,,predict_need
1279,12308,,predict_need
1280,12307,,predict_need
1281,12306,,predict_need
1282,12305,,predict_need
1283,12304,,predict_need
1284,12303,,predict_need
1285,12302,,predict_need
1286,12301,,predict_need
1287,12300,,predict_need
1288,12299,,predict_need
1289,12298,,predict_need
1290,12297,,predict_need
1291,12296,,predict_need
1292,12295,,predict_need
1293,12292,,predict_need
1294,12291,,predict_need
1295,12290,,predict_need
1296,12289,,predict_need
1297,12288,,predict_need
1298,12285,,predict_need
1299,12284,,predict_need
1300,12283,,predict_need
1301,12282,,predict_need
1302,12281,,predict_need
1303,12280,,predict_need
1304,12279,,predict_need
1305,12275,,predict_need
1306,12274,,predict_need
1307,12273,,predict_need
1308,12272,,predict_need
1309,12271,,predict_need
1310,12268,,predict_need
1311,12266,,predict_need
1312,12265,,predict_need
1313,12264,,predict_need
1314,12262,,predict_need
1315,12260,,predict_need
1316,12259,,predict_need
1317,12258,,predict_need
1318,12257,,predict_need
1319,12256,,predict_need
1320,12255,,predict_need
1321,12254,,predict_need
1322,12253,,predict_need
1323,12252,,predict_need
1324,12249,,predict_need
1325,12248,,predict_need
1326,12247,,predict_need
1327,12246,,predict_need
1328,12245,,predict_need
1329,12242,,predict_need
1330,12241,,predict_need
1331,12240,,predict_need
1332,12239,,predict_need
1333,12235,,predict_need
1334,12234,,predict_need
1335,12233,,predict_need
1336,12232,,predict_need
1337,12231,,predict_need
1338,12230,,predict_need
1339,12229,,predict_need
1340,12227,,predict_need
1341,12223,,predict_need
1342,12222,,predict_need
1343,12220,,predict_need
1344,12219,,predict_need
1345,12216,,predict_need
1346,12215,,predict_need
1347,12214,,predict_need
1348,12212,,predict_need
1349,12211,,predict_need
1350,12210,,predict_need
1351,12209,,predict_need
1352,12208,,predict_need
1353,12207,,predict_need
1354,12206,,predict_need
1355,12205,,predict_need
1356,12204,,predict_need
1357,12203,,predict_need
1358,12202,,predict_need
1359,12201,,predict_need
1360,12200,,predict_need
1361,12199,,predict_need
1362,12198,,predict_need
1363,12197,,predict_need
1364,12196,,predict_need
1365,12194,,predict_need
1366,12193,,predict_need
1367,12192,,predict_need
1368,12188,,predict_need
1369,12187,,predict_need
1370,12186,,predict_need
1371,12185,,predict_need
1372,12183,,predict_need
1373,12180,,predict_need
1374,12179,,predict_need
1375,12178,,predict_need
1376,12177,,predict_need
1377,12176,,predict_need
1378,12175,,predict_need
1379,12174,,predict_need
1380,12173,,predict_need
1381,12172,,predict_need
1382,12170,,predict_need
1383,12169,,predict_need
1384,12168,,predict_need
1385,12166,,predict_need
1386,12165,,predict_need
1387,12163,,predict_need
1388,12162,,predict_need
1389,12158,,predict_need
1390,12154,,predict_need
1391,12153,,predict_need
1392,12145,,predict_need
1393,12143,,predict_need
1394,12140,,predict_need
1395,12135,,predict_need
1396,12133,,predict_need
1397,12131,,predict_need
1398,12124,,predict_need
1399,12123,,predict_need
1400,12122,,predict_need
1401,12121,,predict_need
1402,12120,,predict_need
1403,12117,,predict_need
1404,12116,,predict_need
1405,12115,,predict_need
1406,12113,,predict_need
1407,12111,,predict_need
1408,12109,,predict_need
1409,12108,,predict_need
1410,12107,,predict_need
1411,12106,,predict_need
1412,12105,,predict_need
1413,12104,,predict_need
1414,12102,,predict_need
1415,12101,,predict_need
1416,12100,,predict_need
1417,12099,,predict_need
1418,12098,,predict_need
1419,12097,,predict_need
1420,12096,,predict_need
1421,12095,,predict_need
1422,12094,,predict_need
1423,12092,,predict_need
1424,12089,,predict_need
1425,12088,,predict_need
1426,12087,,predict_need
1427,12086,,predict_need
1428,12085,,predict_need
1429,12084,,predict_need
1430,12081,,predict_need
1431,12080,,predict_need
1432,12079,,predict_need
1433,12078,,predict_need
1434,12077,,predict_need
1435,12076,,predict_need
1436,12075,,predict_need
1437,12074,,predict_need
1438,12073,,predict_need
1439,12071,,predict_need
1440,12070,,predict_need
1441,12069,,predict_need
1442,12068,,predict_need
1443,12067,,predict_need
1444,12066,,predict_need
1445,12065,,predict_need
1446,12063,,predict_need
1447,12062,,predict_need
1448,12061,,predict_need
1449,12060,,predict_need
1450,12059,,predict_need
1451,12058,,predict_need
1452,12057,,predict_need
1453,12056,,predict_need
1454,12055,,predict_need
1455,12054,,predict_need
1456,12053,,predict_need
1457,12052,,predict_need
1458,12051,,predict_need
1459,12050,,predict_need
1460,12049,,predict_need
1461,12048,,predict_need
1462,12045,,predict_need
1463,12043,,predict_need
1464,12042,,predict_need
1465,12041,,predict_need
1466,12040,,predict_need
1467,12038,,predict_need
1468,12037,,predict_need
1469,12036,,predict_need
1470,12033,,predict_need
1471,12025,,predict_need
1472,12024,,predict_need
1473,12023,,predict_need
1474,12022,,predict_need
1475,12020,,predict_need
1476,12019,,predict_need
1477,12017,,predict_need
1478,12016,,predict_need
1479,12015,,predict_need
1480,12013,,predict_need
1481,12012,,predict_need
1482,12011,,predict_need
1483,12010,,predict_need
1484,12009,,predict_need
1485,12003,,predict_need
1486,12002,,predict_need
1487,12001,,predict_need
1488,12000,,predict_need
1489,11999,,predict_need
1490,11997,,predict_need
1491,11995,,predict_need
1492,11992,,predict_need
1493,11991,,predict_need
1494,11990,,predict_need
1495,11989,,predict_need
1496,11988,,predict_need
1497,11987,,predict_need
1498,11985,,predict_need
1499,11981,,predict_need
1500,11980,,predict_need
1501,11979,,predict_need
1502,11978,,predict_need
1503,11977,,predict_need
1504,11974,,predict_need
1505,11973,,predict_need
1506,11971,,predict_need
1507,11969,,predict_need
1508,11968,,predict_need
1509,11967,,predict_need
1510,11966,,predict_need
1511,11965,,predict_need
1512,11964,,predict_need
1513,11963,,predict_need
1514,11962,,predict_need
1515,11961,,predict_need
1516,11960,,predict_need
1517,11959,,predict_need
1518,11958,,predict_need
1519,11957,,predict_need
1520,11956,,predict_need
1521,11954,,predict_need
1522,11953,,predict_need
1523,11952,,predict_need
1524,11951,,predict_need
1525,11950,,predict_need
1526,11949,,predict_need
1527,11948,,predict_need
1528,11946,,predict_need
1529,11945,,predict_need
1530,11944,,predict_need
1531,11942,,predict_need
1532,11940,,predict_need
1533,11939,,predict_need
1534,11938,,predict_need
1535,11937,,predict_need
1536,11936,,predict_need
1537,11935,,predict_need
1538,11934,,predict_need
1539,11933,,predict_need
1540,11932,,predict_need
1541,11931,,predict_need
1542,11930,,predict_need
1543,11929,,predict_need
1544,11928,,predict_need
1545,11927,,predict_need
1546,11926,,predict_need
1547,11925,,predict_need
1548,11924,,predict_need
1549,11923,,predict_need
1550,11922,,predict_need
1551,11921,,predict_need
1552,11920,,predict_need
1553,11918,,predict_need
1554,11917,,predict_need
1555,11916,,predict_need
1556,11915,,predict_need
1557,11914,,predict_need
1558,11913,,predict_need
1559,11912,,predict_need
1560,11910,,predict_need
1561,11909,,predict_need
1562,11907,,predict_need
1563,11905,,predict_need
1564,11904,,predict_need
1565,11903,,predict_need
1566,11899,,predict_need
1567,11897,,predict_need
1568,11896,,predict_need
1569,11895,,predict_need
1570,11893,,predict_need
1571,11892,,predict_need
1572,11891,,predict_need
1573,11890,,predict_need
1574,11889,,predict_need
1575,11888,,predict_need
1576,11887,,predict_need
1577,11886,,predict_need
1578,11885,,predict_need
1579,11883,,predict_need
1580,11881,,predict_need
1581,11879,,predict_need
1582,11878,,predict_need
1583,11877,,predict_need
1584,11876,,predict_need
1585,11875,,predict_need
1586,11874,,predict_need
1587,11872,,predict_need
1588,11871,,predict_need
1589,11870,,predict_need
1590,11869,,predict_need
1591,11868,,predict_need
1592,11867,,predict_need
1593,11866,,predict_need
1594,11864,,predict_need
1595,11863,,predict_need
1596,11862,,predict_need
1597,11860,,predict_need
1598,11859,,predict_need
1599,11858,,predict_need
1600,11857,,predict_need
1601,11856,,predict_need
1602,11855,,predict_need
1603,11854,,predict_need
1604,11853,,predict_need
1605,11852,,predict_need
1606,11851,,predict_need
1607,11850,,predict_need
1608,11849,,predict_need
1609,11848,,predict_need
1610,11847,,predict_need
1611,11846,,predict_need
1612,11845,,predict_need
1613,11844,,predict_need
1614,11842,,predict_need
1615,11841,,predict_need
1616,11840,,predict_need
1617,11837,,predict_need
1618,11836,,predict_need
1619,11835,,predict_need
1620,11833,,predict_need
1621,11832,,predict_need
1622,11831,,predict_need
1623,11828,,predict_need
1624,11827,,predict_need
1625,11825,,predict_need
1626,11824,,predict_need
1627,11822,,predict_need
1628,11821,,predict_need
1629,11819,,predict_need
1630,11818,,predict_need
1631,11817,,predict_need
1632,11816,,predict_need
1633,11815,,predict_need
1634,11814,,predict_need
1635,11813,,predict_need
1636,11812,,predict_need
1637,11811,,predict_need
1638,11810,,predict_need
1639,11809,,predict_need
1640,11808,,predict_need
1641,11807,,predict_need
1642,11806,,predict_need
1643,11805,,predict_need
1644,11803,,predict_need
1645,11802,,predict_need
1646,11799,,predict_need
1647,11798,,predict_need
1648,11797,,predict_need
1649,11795,,predict_need
1650,11794,,predict_need
1651,11793,,predict_need
1652,11791,,predict_need
1653,11789,,predict_need
1654,11788,,predict_need
1655,11787,,predict_need
1656,11786,,predict_need
1657,11785,,predict_need
1658,11784,,predict_need
1659,11783,,predict_need
1660,11776,,predict_need
1661,11775,,predict_need
1662,11774,,predict_need
1663,11773,,predict_need
1664,11771,,predict_need
1665,11770,,predict_need
1666,11769,,predict_need
1667,11768,,predict_need
1668,11766,,predict_need
1669,11765,,predict_need
1670,11762,,predict_need
1671,11760,,predict_need
1672,11759,,predict_need
1673,11758,,predict_need
1674,11757,,predict_need
1675,11756,,predict_need
1676,11754,,predict_need
1677,11753,,predict_need
1678,11751,,predict_need
1679,11750,,predict_need
1680,11749,,predict_need
1681,11748,,predict_need
1682,11747,,predict_need
1683,11745,,predict_need
1684,11744,,predict_need
1685,11743,,predict_need
1686,11742,,predict_need
1687,11741,,predict_need
1688,11739,,predict_need
1689,11738,,predict_need
1690,11737,,predict_need
1691,11735,,predict_need
1692,11734,,predict_need
1693,11733,,predict_need
1694,11732,,predict_need
1695,11731,,predict_need
1696,11730,,predict_need
1697,11728,,predict_need
1698,11725,,predict_need
1699,11709,,predict_need
1700,11708,,predict_need
1701,11706,,predict_need
1702,11705,,predict_need
1703,11700,,predict_need
1704,11698,,predict_need
1705,11695,,predict_need
1706,11691,,predict_need
1707,11689,,predict_need
1708,11688,,predict_need
1709,11687,,predict_need
1710,11686,,predict_need
1711,11684,,predict_need
1712,11683,,predict_need
1713,11674,,predict_need
1714,11667,,predict_need
1715,11640,,predict_need
1716,11639,,predict_need
1717,11638,,predict_need
1718,11636,,predict_need
1719,11635,,predict_need
1720,11634,,predict_need
1721,11633,,predict_need
1722,11631,,predict_need
1723,11629,,predict_need
1724,11628,,predict_need
1725,11627,,predict_need
1726,11625,,predict_need
1727,11624,,predict_need
1728,11623,,predict_need
1729,11621,,predict_need
1730,11620,,predict_need
1731,11619,,predict_need
1732,11617,,predict_need
1733,11616,,predict_need
1734,11615,,predict_need
1735,11614,,predict_need
1736,11613,,predict_need
1737,11612,,predict_need
1738,11611,,predict_need
1739,11610,,predict_need
1740,11608,,predict_need
1741,11607,,predict_need
1742,11606,,predict_need
1743,11604,,predict_need
1744,11603,,predict_need
1745,11601,,predict_need
1746,11598,,predict_need
1747,11597,,predict_need
1748,11596,,predict_need
1749,11595,,predict_need
1750,11589,,predict_need
1751,11586,,predict_need
1752,11575,,predict_need
1753,11574,,predict_need
1754,11572,,predict_need
1755,11570,,predict_need
1756,11551,,predict_need
1757,11550,,predict_need
1758,11549,,predict_need
1759,11548,,predict_need
1760,11546,,predict_need
1761,11545,,predict_need
1762,11544,,predict_need
1763,11543,,predict_need
1764,11519,,predict_need
2014,11261,peripheral,predict_need
